{
    "root_group": {
        "name": "",
        "path": "",
        "id": "d41d8cd98f00b204e9800998ecf8427e",
        "groups": {},
        "checks": {
                "POST status 200": {
                    "name": "POST status 200",
                    "path": "::POST status 200",
                    "id": "87002d1793bac56581906e92aa677a32",
                    "passes": 81755,
                    "fails": 111
                }
            }
    },
    "metrics": {
        "http_req_waiting": {
            "avg": 1382.4769817770284,
            "min": 0,
            "med": 791.699689,
            "max": 4010.557648,
            "p(90)": 3732.2572634999997,
            "p(95)": 3927.55003875
        },
        "vus_max": {
            "max": 7916,
            "value": 7916,
            "min": 200
        },
        "http_req_duration": {
            "avg": 1382.5731744117516,
            "min": 0,
            "med": 791.8012035,
            "max": 4010.734486,
            "p(90)": 3732.3956184999997,
            "p(95)": 3927.62712575,
            "thresholds": {
                "p(75)<1000": true,
                "p(90)<1000": true,
                "p(50)<1000": false
            }
        },
        "checks": {
            "passes": 81755,
            "fails": 111,
            "value": 0.9986441257664964
        },
        "data_received": {
            "count": 25734371,
            "rate": 341041.8365098126
        },
        "iterations": {
            "count": 81866,
            "rate": 1084.9198912890593
        },
        "http_req_sending": {
            "p(95)": 0.073892,
            "avg": 0.03323032431045689,
            "min": 0,
            "med": 0.026679,
            "max": 2.295756,
            "p(90)": 0.055943
        },
        "http_reqs": {
            "count": 81866,
            "rate": 1084.9198912890593
        },
        "dropped_iterations": {
            "rate": 253.5579151300121,
            "count": 19133
        },
        "data_sent": {
            "count": 15117327,
            "rate": 200340.6635895385
        },
        "vus": {
            "value": 46,
            "min": 9,
            "max": 7867
        },
        "http_req_failed": {
            "passes": 111,
            "fails": 81755,
            "thresholds": {
                "rate<0.05": false
            },
            "value": 0.00135587423350353
        },
        "http_req_connecting": {
            "min": 0,
            "med": 0,
            "max": 19590.130336,
            "p(90)": 0,
            "p(95)": 30.926075,
            "avg": 4.314905131470943
        },
        "http_req_duration{expected_response:true}": {
            "max": 4010.734486,
            "p(90)": 3732.9167258,
            "p(95)": 3927.7627300000004,
            "avg": 1384.4503149213192,
            "min": 27.126949,
            "med": 792.996225
        },
        "http_req_tls_handshaking": {
            "p(95)": 0,
            "avg": 0,
            "min": 0,
            "med": 0,
            "max": 0,
            "p(90)": 0
        },
        "http_req_receiving": {
            "max": 1.005785,
            "p(90)": 0.089187,
            "p(95)": 0.101201,
            "avg": 0.06296231040969273,
            "min": 0,
            "med": 0.059505
        },
        "http_req_blocked": {
            "max": 19590.214284,
            "p(90)": 0.03953,
            "p(95)": 31.0177245,
            "avg": 4.333824350719811,
            "min": 0,
            "med": 0.009987
        },
        "iteration_duration": {
            "avg": 1427.8051665675393,
            "min": 27.383267,
            "med": 796.9140465,
            "max": 30002.494957,
            "p(90)": 3740.2441485,
            "p(95)": 3930.13258025
        }
    }
}